,val,test
0,0.08516878056992964,0.08563290378247643
