number,value,duration,params_batch_size,params_dropout_rate,params_learning_rate,params_noise_factor,params_pathway_proportion,params_patience
14,0.31704120105596084,0 days 07:19:05.810376,128,0.0,0.00010454176411707036,0.2,0.2,15
13,0.3204373733358584,0 days 07:15:20.674658,128,0.0,0.00010153855123583069,0.2,0.5,14
12,0.35892068809680244,0 days 07:42:19.799170,128,0.1,0.00012453605646693607,0.2,0.4,13
